Name,Policy Number,Date
Andrea Murray,772010,12/23/2024
Rebecca Cordova,384489,8/10/2023
Leah Nunez,293814,11/11/2023
Bryan Acosta,733952,6/15/2024
Daniel Hernandez,358482,6/11/2024
Jacqueline Kim,656920,4/26/2025
Kaitlyn Burton,813862,1/19/2025
Nicholas Wolfe,604132,6/10/2025
Karen James,573998,2/6/2025
Debra James,119676,8/11/2024
Sarah Guzman MD,321550,12/8/2023
Mark Rose,954977,6/28/2025
Matthew Bowen,791765,5/29/2024
Brianna Bean,274074,8/26/2023
Sandra Walker,128219,12/2/2024
Omar Johnson,475598,4/26/2024
Nathan Le,313439,6/2/2024
Anthony Morris,141048,1/31/2025
Ashley Patel,266025,2/14/2025
Virginia Leach,116551,2/16/2025
Anna Ward,651746,9/21/2024
Kevin Walton,665874,1/12/2024
Tammy Ballard,734170,9/17/2023
Matthew Lara,284526,6/27/2025
Elizabeth Savage,738268,10/13/2023
Max Lee,139229,3/15/2024
Donald Lambert,320676,9/2/2024
Malik Williams,853105,8/26/2023
Steven Woodard,588569,11/29/2024
James Brown,979444,8/4/2024
Alexa Weber,464176,3/29/2025
Alyssa Lopez,617328,6/25/2025
Louis Brown,423735,4/24/2024
Sean Perez,806707,6/14/2024
Tom Wilson,611897,3/14/2025
Michelle Underwood,709180,6/26/2024
Lisa Gonzalez,886802,3/22/2024
Michael Tyler,562585,12/5/2024
Jennifer Warren,969661,12/12/2023
Stacey Ortiz,572084,2/15/2024
Kayla Downs,141073,1/3/2024
Matthew Diaz,576247,6/29/2024
Lori Mckinney,581267,10/18/2024
Alexandra Smith,776903,11/7/2024
Lisa Santos,499650,11/2/2023
Jason King,538393,12/3/2023
Sara Sanders,569324,10/20/2023
Luis Mahoney,592579,1/9/2024
Jonathan Glass,757667,2/3/2024
Michael Lane,913706,10/2/2024
Kathleen Davis,589257,2/12/2024
Michele Guzman,865316,12/13/2023
Oscar Smith,961112,4/28/2025
Jessica Green,664947,3/15/2024
Brittany Huerta,340806,10/15/2024
Robert Miller,258407,11/27/2023
Mary Phillips,717385,10/23/2023
Kenneth Owen,291627,2/5/2025
Nicole Martinez,397219,12/7/2023
David Doyle,296953,6/13/2024
Ryan Oconnor,624784,10/6/2023
Rachel Campbell,281509,3/16/2025
Bradley Gilbert,143690,12/14/2023
Ms. Sarah Campbell,515941,11/6/2023
Michael Miller,571225,12/10/2023
James Andrews,981519,5/14/2024
Cassandra Hall,645467,7/20/2024
Cheryl Cordova,277390,12/22/2023
Christy Bean,813881,6/12/2024
Timothy Watson,929410,3/9/2024
Scott Miller,290171,12/19/2023
Karen Flores,645356,12/24/2024
Benjamin Walton,284401,12/28/2023
Brent Moore,386896,3/16/2025
Brandon Perez,112834,5/14/2025
William Anderson,777107,3/19/2024
Robert Vazquez,870961,5/2/2025
Pamela Mitchell,563902,2/1/2024
Tanner Schroeder,160173,2/22/2024
Jeffrey Powers,784217,8/11/2023
Tara Scott,735104,4/18/2025
Tammy Lewis,788149,10/5/2023
Steve Myers,932239,11/20/2024
Jessica Perez,961324,1/8/2024
Mr. Jason Richardson DVM,715772,8/12/2023
Anita Medina,857156,9/5/2023
Billy Reid,647053,12/12/2023
Cody Barr,813801,2/9/2025
Kristi Nelson,281174,3/19/2025
Kevin Davis,152358,2/12/2024
Albert Kent,498610,12/22/2024
Andrea Morris,854460,2/13/2025
Mr. Michael Williams,254360,5/14/2025
Kimberly Edwards,811060,2/23/2024
Stacey Braun,591827,6/14/2025
William Avila,189969,12/3/2023
Ashley Doyle,550791,9/13/2024
Christina Edwards,678028,8/24/2024
Elizabeth Stark,712102,10/18/2024
Craig Palmer,531805,11/25/2023
Jackson Dalton,407271,10/20/2024
Michelle West,751059,4/5/2024
Mary Baker,479083,1/30/2024
Michael Bennett,481454,12/7/2023
Robert Rivera,491137,1/23/2024
Jennifer Gonzalez DDS,684292,8/27/2023
Olivia Christensen,111557,8/2/2024
Mark Luna,570719,6/27/2025
Lisa Yates,880015,3/13/2024
Johnny Kerr,325472,1/5/2024
Connie Allen,740442,12/14/2024
Matthew Randolph,788731,7/30/2023
Allison Becker,989989,12/2/2023
Richard Hicks,654497,2/17/2024
David Turner,142531,12/10/2024
Daniel Greer,524394,11/19/2023
Christina Lopez,155289,4/28/2024
William Merritt,489783,3/25/2025
Maurice Rodriguez,467814,12/15/2024
Julie Small,259470,10/1/2023
James Sampson,242439,11/22/2023
Amanda West,958033,5/14/2024
Paul Young,134498,1/16/2024
Cassandra Gill,177059,12/15/2024
Michael Perez,684389,3/18/2025
Lisa Graham,623843,1/11/2024
Joseph Leblanc,121846,4/28/2024
Wayne Juarez,707044,1/25/2025
Denise Moore,382922,4/26/2024
Alexandra Webb,173578,12/5/2024
John Malone,287451,12/21/2023
Kelly Hall,248964,3/9/2024
Benjamin Smith,913118,4/28/2024
Eric Norris,699617,1/8/2024
Joseph Holt,193394,4/11/2025
Kristie Harrison,678032,3/31/2025
Kaitlin Rogers,445133,10/3/2023
Justin Rodriguez,562280,1/26/2025
Sharon Thompson,914775,5/26/2024
Lisa Bryan,550738,11/9/2024
Sydney Coleman,707053,12/30/2023
John Andersen,821748,10/19/2024
Megan Edwards,741176,5/7/2024
Kathryn Moore,535815,4/20/2024
Helen Martin,949573,4/27/2025
Eric Phillips,947692,8/22/2024
Mr. Bruce Thornton,577155,9/12/2023
Erin Barrett,587947,1/7/2024
Zachary Massey,194499,12/22/2024
Shane Martin,607227,9/26/2023
Carol Rasmussen,987843,1/25/2024
Alexander Hughes,264484,12/20/2024
John Beltran,523132,9/4/2023
Jason Cuevas,557871,2/19/2025
Brooke Drake,530197,8/15/2023
Sarah Maxwell,619919,11/27/2024
Jay Avila,524792,1/22/2025
Bob Eaton,756942,8/7/2024
Traci Lynn,815261,1/13/2025
Katherine Nelson,540497,1/2/2025
Jeffrey Saunders,605744,6/20/2024
Lori Adams,745213,6/30/2025
Sean Williams,713971,10/2/2024
Eric Bryan,923164,1/9/2025
Erik Edwards,543748,4/12/2025
Jimmy Terry DVM,387317,2/13/2025
Katherine Dunn,639430,3/13/2024
Regina Hunt,489112,7/30/2023
Ashley Wong,725461,7/1/2025
Julie Morrison,194770,9/10/2024
Joe Wright,199015,9/28/2023
Austin Wilson,279663,10/16/2023
Mr. Allen Lyons,476346,10/9/2024
Erin Mitchell,826431,12/10/2024
Justin Murphy,127903,9/26/2023
Kyle Morrison,403796,12/5/2024
Brandon White,496024,12/13/2024
Ronnie Davis,548150,3/19/2025
Angela Cox,988218,6/28/2025
Joshua Wallace,646422,1/26/2024
Stephanie Campbell,769617,9/30/2023
Deborah Mason,943449,8/8/2023
Keith Williams,950455,11/4/2023
Madison Johnson,284238,11/24/2024
Karen Lee,164613,11/15/2023
John Berry,886343,12/5/2023
Kristina Tyler,925990,1/10/2024
Jamie Allen,209109,11/24/2024
Stephanie Carr,255954,6/24/2025
Trevor Thornton,369368,9/20/2023
Craig Christensen,551813,8/2/2023
Angela Edwards,559901,4/21/2024
Tina Hayes,556094,5/30/2024
Tyler Carrillo,781707,6/10/2025
Michael Taylor,140841,6/24/2024
Dr. Benjamin Jenkins,930526,7/28/2023
Richard Coffey,305107,7/17/2024
Jose Brown,365877,9/6/2024
Darin Long,508627,3/15/2025
Kevin Smith,959773,9/7/2023
